{"_wandb":{"runtime":2379},"loss":0.3520702123641968,"_timestamp":1.7269190788218813e+09,"_runtime":2378.937859179,"_step":99}