{"_timestamp":1.7269164169570363e+09,"_runtime":240.485372116,"_wandb":{"runtime":240},"_step":9,"loss":0.5510370930035909}